gsis_id,sheet_player_id,rec_raw_partial,rush_raw_partial,rec_td_rate_noopp,rush_td_rate_noopp
00-0023459,213957,0.049599,0.03514041347351236,0.04865629557088504,0.0355776732767124
00-0026158,216342,,0.036697218170484255,,0.037127702069909646
00-0026300,273278,,0.03787631924628706,,0.03830167117543655
00-0027973,322858,,0.032868013874453095,,0.03331516416748192
00-0026498,323205,,0.03250930922252041,,0.03295802075711649
00-0028118,399579,,0.035779907081550245,,0.036214383525244115
00-0029263,401534,,0.036704839736733406,,0.03713529046372579
00-0029604,403308,,0.037427331898539154,,0.03785463801954733
00-0033357,503184,0.041378000000000005,0.05730887850641251,0.040099037970039664,0.057649651328177474
00-0030565,513856,,0.0321985778953617,,0.03264864187036132
00-0033077,591816,,0.04029934786787565,,0.040714153702954996
00-0031237,592195,,0.03814426598331168,,0.03856845168954937
00-0033119,607047,,0.03557275869853007,,0.036008136743762756
00-0032268,607843,,0.03788122644299293,,0.038306557013848254
00-0031503,691536,0.047975,0.03736607149030905,0.046965870276666224,0.03779364424375492
00-0033662,694117,,0.03323240647216811,,0.033677970767169614
00-0033908,698227,0.055961,,0.055278515842941765,
00-0033106,727837,,0.035072245876125556,,0.03550980237491069
00-0033869,728169,,0.039925344947041023,,0.04034177860853169
00-0032764,732145,0.033032,0.04432870010365984,0.03141166758484862,0.04472596841262754
00-0033949,741262,,0.04141044446906778,,0.041820414319473725
00-0034855,748070,,0.035684987552456006,,0.036119877127994054
00-0033319,748309,,,,
00-0034577,822350,,,,
00-0034771,823220,,0.03485374940658178,,0.03529225689880598
00-0033280,830517,0.052368000000000005,0.03540642194042104,0.05153855396971012,0.035842523956919566
00-0033873,839031,0.048483,0.03805128404029895,0.04749464863224699,0.03847587444514775
00-0035100,865844,,0.045501778600405475,,0.045893941152029605
00-0035289,867303,,0.036902772048363175,,0.037332361286242566
00-0034857,868199,,0.092285551228761,,0.09247409007462311
00-0034796,877745,,0.030619023555834842,,0.03107596245113262
00-0034827,877790,0.053638,0.043323533371585204,0.052860499858662015,0.043725176611504275
00-0036442,878785,,0.03541095925437215,,0.035847041522470126
00-0035228,879799,,0.035164432964232314,,0.03560158822396705
00-0035710,879981,,0.0389654085640213,,0.03938602029394521
00-0034869,880026,,0.03492148843095028,,0.03535970109292905
00-0035704,882345,,0.038386473109120876,,0.03880960462263856
00-0036355,910562,,0.045702602161788265,,0.04609389064029953
00-0036264,912137,,0.032558163869149184,,0.033006662766678366
00-0035993,913163,,0.03420985821436182,,0.03465116820632689
00-0036389,913271,,0.07960461063222646,,0.07984834254978304
00-0035685,946739,0.032993,0.03964045207695709,0.03137107239613277,0.04005812571843853
00-0036972,973945,,0.0320275338091803,,0.03247834224382309
00-0036212,973947,,0.03307183330424633,,0.03351809648481566
00-0036414,976251,0.051818,0.025228092949974433,0.05096605771858921,0.025708495563689947
00-0038128,976323,,0.04386303524223622,,0.044262330330990994
00-0038102,976924,,0.03792813199591257,,0.038353258413020355
00-0036898,1060311,,0.040183799271789375,,0.04059910802555203
00-0036290,1066765,0.050237,,0.04932039122218529,
00-0038579,1066811,,0.03792066067138147,,0.03834581960700374
00-0039917,1107478,,0.04412205355355172,,0.044520221279859065
00-0037013,1108052,,0.03375135498106614,,0.03419466058223975
00-0038582,1109133,,0.036461967120682816,,0.03689347493690358
00-0040743,1110306,,0.038620516301756946,,0.03904262915560878
00-0036945,1110681,0.049179,0.04074732261614332,0.04821911661548363,0.04116017866664554
00-0036971,1110711,,0.07299344727277404,,0.07326595390230915
00-0039398,1112338,,0.03575434938430254,,0.03618893706641803
00-0037834,1121761,,0.05022621373820969,,0.05059781345498007
00-0037239,1122592,0.053339,0.032928067252540404,0.052549270078507196,0.03337495616666149
00-0038400,1123521,,0.03320870327929075,,0.03365437074108922
00-0036613,1125749,0.050337,0.03377010659233724,0.04942448144966182,0.03421333057819081
00-0037012,1130975,,0.03236323977600881,,0.03281258706955134
00-0039910,1161228,,0.03896174049491869,,0.039382368189904454
00-0039732,1161899,0.067111,0.050196296351560865,0.06688457620657468,0.050568026282052675
00-0038120,1162537,0.031027999999999993,0.02743338087160671,0.029325699426218987,0.027904185095247055
00-0040704,1165333,,0.030645945833082597,,0.03110276755070203
00-0035645,1168410,0.050594,,0.0496919933342765,
00-0040494,1169329,,0.033052351874993786,,0.03349869984737436
00-0040730,1172401,0.041842,0.04169410779796483,0.04058201662553075,0.042102843019887995
00-0039376,1174752,0.061523,0.027574689802759927,0.06106801429518627,0.02804487898732578
00-0039451,1176432,0.030126,0.033092368074369785,0.028386805574380704,0.033538541878521726
00-0039150,1213257,,0.045367561250955576,,0.045760307975948745
00-0041561,1213340,,0.04419901254768959,,0.0445968453143582
00-0040398,1213386,,0.03243364209724868,,0.032882682968697834
00-0039163,1214084,,0.0360956262855048,,0.03652872857934547
00-0041149,1214336,,0.04126089842850589,,0.041671519169535876
00-0039164,1215022,0.047093,0.05334576485341172,0.04604779447032325,0.05370378690162943
00-0041251,1225681,,0.03723428542211457,,0.037662431766916284
00-0040676,1228691,,0.04865298054507701,,0.049031427669715896
00-0040128,1229083,0.06173699999999999,0.041543833655272554,0.061290767381986036,0.04195322293684282
00-0041156,1271545,,0.04282903471916566,,0.043232830236304864
00-0040668,1272321,,0.046246231556557604,,0.04663515391909093
00-0040906,1286037,,0.04762298313338519,,0.04800591326309423
00-0041453,1286214,,0.044573615308267964,,0.044969817637756926
00-0040691,1286260,,0.07972158727902881,,0.07996481006239267
00-0041123,1286388,,0.039718199253597,,0.04013553450492026
00-0039918,1286445,0.064766,0.030326855821841414,0.06444366037225008,0.03078506636056078
00-0039851,1286803,0.049799,0.037894252378777485,0.048864476025838106,0.03831952625498921
00-0039923,1287599,,0.0673640563489766,,0.06766106458188159
00-0041117,1287925,,0.038411321065057895,,0.0388343444292626
00-0041092,1288113,,0.04786419558949385,,0.0482460758557261
00-0040206,1290165,,0.06492092052295623,,0.06522856236539344
00-0040891,1324976,,0.034155512540120773,,0.034597059068537675
00-0040234,1333868,0.058574,0.032694901761287136,0.05799839348690345,0.03314280551492879
00-0041056,1378287,,0.04612534407267352,,0.046514792591095214
00-0041568,1378917,,0.04767058329889235,,0.048053306251592126
00-0041565,1379258,,0.04495051071453741,,0.04534507262823693
00-0041562,1400786,,0.04860090323212761,,0.048979577020305004
00-0038416,1444140,,0.03826111547709179,,0.038684792602563044
00-0030506,448240,0.055618,0.052034866714158884,0.05492148636269728,0.05239859437186456
00-0029892,501150,0.056205000000000005,0.040171595692975,0.0555324959979845,0.04058695756211938
00-0032104,590796,0.052527000000000004,0.035721306374154084,0.0517040574313978,0.036156037874089254
00-0031610,600191,0.071468,0.033311647573231455,0.071419787417727,0.03375686697585382
00-0031687,606501,0.0520624,0.04548912125079667,0.05122045423454184,0.04588133889281406
00-0032398,606551,0.039185,0.03369428031421441,0.03781633928147939,0.034137834329624764
00-0033376,658389,0.051171,0.03381923767102812,0.05029259394681607,0.03426224781665997
00-0032385,691278,0.034933,0.03437011437206928,0.033390422809177416,0.03481072685823543
00-0032464,692660,0.041705,0.03228936898375311,0.040439413013887905,0.03273903779571158
00-0033555,702808,0.05097499999999999,0.03300663854634831,0.05008857710096207,0.03345318548338818
00-0033854,703015,0.049599000000000004,0.028404292646898574,0.04865629557088505,0.02887087103233593
00-0032775,727279,0.07068799999999999,0.03331305694255701,0.07060788364341007,0.03375827021097966
00-0033288,733672,0.078413,0.031823135334320574,0.07864885371597188,0.03227483340168353
00-0033293,741314,0.040472999999999995,0.03146258280970857,0.03915702141137708,0.03191585016139937
00-0033553,742390,0.044102999999999996,0.03633116951562755,0.04293549666877505,0.036763246620974646
00-0033858,743749,0.055737,0.04932530586902057,0.05504535373339435,0.04970082673597975
00-0033923,746613,0.047352,0.04540126053878933,0.04631738815948745,0.045793860589551566
00-0033881,749185,0.027479,0.04471843849515194,0.025631537253077007,0.04511401048996849
00-0033906,750846,0.026837999999999997,0.029479169985761312,0.024964318894952455,0.029941070028801666
00-0033699,790004,0.038529999999999995,0.04249950748474267,0.03713454829150813,0.04290473725040125
00-0034753,820699,0.073423,0.035505158250437006,0.07345475136489313,0.035940830522769786
00-0033526,820734,0.027794999999999997,0.03563520549298957,0.02596046237190283,0.03607031174210607
00-0034791,822857,0.04773500000000001,0.03428068790767737,0.046716053730722566,0.034721689617436435
00-0035719,835749,0.052097000000000004,0.06257818627172929,0.05125646945324872,0.06289602473156287
00-0033955,837594,0.035453,0.03549279800528665,0.03393169199205536,0.03592852407488246
00-0035631,837824,0.0494514,0.037562008134143086,0.04850265839512969,0.037988728084506374
00-0035628,839043,,0.02182763629280972,,0.022322839200450126
00-0034270,861278,0.03644100000000001,0.03341989165043665,0.03496010343952347,0.03386463992687809
00-0037801,865958,0.054870999999999996,0.03492589759385141,0.05414393236344761,0.035364091065199776
00-0035537,877784,0.057489,0.03685871047088043,0.056869014518783116,0.03728849148426625
00-0034960,880151,0.041059,0.04535311771677895,0.03976699014438954,0.045745927306431976
00-0035125,880322,0.047802,0.03323957983416526,0.04678579418313183,0.03368511290751724
00-0035261,880398,0.027762,0.030815904331160323,0.02592611259683558,0.03127198631409698
00-0034844,883302,0.042078000000000004,0.02945517131490425,0.040827669562375365,0.02991717581079265
00-0035208,883976,0.046127999999999995,0.03448795315236991,0.04504332377517475,0.03492805275195639
00-0036825,910377,,0.03315568273400836,,0.03360158096471035
00-0035500,910852,0.055355999999999995,0.04860385499748678,0.05464876996670877,0.048982515938273574
00-0035250,916466,0.035038,0.031612678564674195,0.033499717548027774,0.03206529263314032
00-0035594,922484,,0.02934716880591445,,0.029809643376571868
00-0034975,923109,0.045475,0.04137416681868998,0.04436361458975302,0.04178429456550298
00-0037545,923412,0.052607,0.036082475059272055,0.051787329613379014,0.036515634593075864
00-0035229,923915,0.04206000000000001,0.03463489486992354,0.04080893332142959,0.035074354914053536
00-0036139,933480,0.037712,0.024708191008280325,0.03628309023075014,0.025190856465585682
00-0036906,935104,0.056532,0.02155545053373652,0.05587287104183274,0.02205183811439076
00-0035700,944416,0.03158,0.041550707432441845,0.029900277481889427,0.041960066796288484
00-0035640,945633,0.06350499999999999,0.04969122950000734,0.06313108260377105,0.05006515770520409
00-0036842,946748,0.047596,0.01827061761958214,0.04657136831453018,0.018781302248405254
00-0036407,973935,0.028344,0.03424357419965612,0.026531917720748976,0.03468473744471551
00-0036893,973964,0.029970999999999998,0.028941170571420587,0.028225465721792086,0.02940541222626972
00-0037746,973966,0.049363,0.030247412252579636,0.048410642634040435,0.030705968564909446
00-0037563,975028,0.047442,0.03902347727658771,0.04641106936421633,0.03944383626574752
00-0036425,976309,0.049774,0.029148339819413886,0.048838453468968965,0.0296116797819106
00-0036924,976329,0.024201,0.022138638950464418,0.022219459596396412,0.02263248823675076
00-0036158,976513,0.031530999999999997,0.038416494944895456,0.029849273270425927,0.03883949579008285
00-0036360,976650,0.049067000000000006,0.027816248902526573,0.048102535560709925,0.028285386714868858
00-0037557,976804,,0.030535423640195555,,0.03099272639936466
00-0036973,978577,0.044739,0.02633536978429861,0.043597510515525774,0.026810953038658464
00-0033589,1049915,0.064292,0.033786913826489684,0.06395027269401134,0.03423006465981387
00-0037304,1057457,0.040769999999999994,0.04177334942401172,0.039466169386982365,0.042181739751270785
00-0037276,1059576,0.047453,0.02070296244900347,0.04642251928923875,0.02120306043549245
00-0036265,1060545,0.033013999999999995,0.028274428119958454,0.031392931343902836,0.02874157173335279
00-0036358,1062020,0.05207,0.0403833022276126,0.051228365091830055,0.04079774265612286
00-0036555,1062047,0.037187,0.02988888523422557,0.03573661653649836,0.030349002014982605
00-0038041,1065361,0.057211,0.03317300043667686,0.05657964368639837,0.033618823293064336
00-0036223,1065406,0.038877999999999996,0.041778045329957054,0.03749678228312645,0.042186415218552945
00-0038440,1067309,0.049659,0.02679562699226783,0.048718749707370966,0.027269207003344273
00-0038124,1067918,0.072415,0.042557618591292985,0.07240552187192971,0.04296259543167006
00-0037091,1068803,0.050354,0.032356838495222195,0.049442176788332834,0.03280621364997476
00-0036322,1069535,0.043317,0.037604268718255576,0.042117347480809544,0.0380308047318335
00-0036275,1069808,0.027186999999999996,0.033265461075244016,0.02532759378884554,0.033710881501968284
00-0036554,1074698,0.050184799999999995,0.05135559506244555,0.04926605612344254,0.05172227921132691
00-0037197,1106832,0.042339999999999996,0.025834752662296706,0.04110038595836386,0.026312514824167074
00-0036328,1107826,0.040035999999999995,0.02271437253917118,0.038702147117304644,0.023205715977803992
00-0036626,1107878,0.044860000000000004,0.031334660438510686,0.043723459690772376,0.03178848456503622
00-0036997,1107881,0.027887000000000002,0.030769863361430085,0.02605622538118124,0.031226145735065197
00-0037258,1108998,0.046365,0.03189748632991435,0.045290017614294124,0.032348860788803696
00-0039384,1109708,0.033202,0.025266318236753387,0.03158862097155872,0.025746554477085345
00-0036900,1109979,0.071933,0.03145446515643148,0.07190380697549285,0.031907767839745825
00-0038040,1110697,0.048034,0.02508110496034106,0.04702728351087738,0.02556214733090965
00-0038611,1113403,0.049248,0.04059257100263003,0.04829093887244243,0.041006100600716085
00-0038573,1113477,0.048344,0.03093316941296606,0.047349963216054614,0.03138874100631307
00-0037525,1116001,0.047239,0.03766251269627047,0.046199766202438985,0.038088795206251407
00-0038705,1116817,0.047543999999999996,0.026817677017441716,0.04651724139624239,0.027291161057039465
00-0039407,1122182,0.047245,0.03182071323069107,0.046206011616087575,0.03227242184012212
00-0038597,1123379,0.050261,0.027205923768539385,0.04934537287677966,0.02767771798626585
00-0039146,1123398,0.06388100000000001,0.04859812433771523,0.06352246185908281,0.04897681022087228
00-0037085,1124338,0.034238,0.027588882858878973,0.03266699572821555,0.02805901026897644
00-0038619,1124851,0.058818,0.03332351337348136,0.05825237364194618,0.033768681130883965
00-0037267,1125737,0.030287,0.021081831191485014,0.02855439084061792,0.02158028017335108
00-0037594,1125846,0.047196,0.019861206204256267,0.046155007404624075,0.020364967886857686
00-0037291,1126817,0.049866,0.0338880847461058,0.048934216478247375,0.034330795238764616
00-0038685,1127065,0.047602,0.03223106656316197,0.04657761372817878,0.032680989133085404
00-0038519,1127080,0.048035,0.03291217889489261,0.04702832441315215,0.03335913696218542
00-0036963,1127106,0.063237,0.03441535742770874,0.06285212079413396,0.03485577299605206
00-0037252,1128085,0.042515199999999996,0.05607637963725242,0.04128275203690274,0.05642251684014756
00-0036980,1128783,0.038276000000000004,0.046949964223681535,0.03687015911371776,0.04733582362986279
00-0037617,1130230,0.048515,0.020544169405321475,0.047527957505039485,0.02104495852948891
00-0037261,1130603,0.041659800000000004,0.033552074940481194,0.04039236423106852,0.03399624789668131
00-0036919,1130705,0.031493,0.03578816332431544,0.02980971898398485,0.03622260383318292
00-0038738,1130976,0.049968,0.031939801128407705,0.04904038851027343,0.032390991414546676
00-0037248,1131012,0.05001,0.04036747407806324,0.04908410640581357,0.040781983397692914
00-0037263,1131198,0.047594,0.02863896162791202,0.04656928650998065,0.029104518629975252
00-0037614,1160348,0.043266,0.033694195544506554,0.04206426146479651,0.03413774992887223
00-0039916,1161416,0.042354,0.03265563017196169,0.04111495859021058,0.033103704852959145
00-0039075,1162128,0.052757,0.047380437151092886,0.0519434649545938,0.047764422948375476
00-0039021,1163265,,0.04968663750255288,,0.050060585694157014
00-0039751,1163273,0.048469,0.032906630183175564,0.04748007600040027,0.033353612400920093
00-0039405,1164137,0.04733,0.017916449643366115,0.04629448830944262,0.018428675768133822
00-0038134,1164402,0.026456999999999994,0.034951142358671985,0.02456773512826688,0.035389225953619305
00-0039165,1164530,0.025261,0.046979967110815216,0.023322816007647608,0.04736569593113906
00-0038117,1164875,0.03468399999999999,0.039318541618494775,0.03313123814276085,0.03973761635691203
00-0038563,1164979,0.051888000000000004,0.03601487593386238,0.05103892087782278,0.03644832968900938
00-0039875,1165229,0.050901,0.020484200592325193,0.05001155033262945,0.02098525072733563
00-0035021,1166036,0.052841,0.032271784371461096,0.05203090074567409,0.03272152971944302
00-0035567,1167356,,0.027118046455221853,,0.02759022315394942
00-0037840,1167361,0.047866,0.03856928967338315,0.04685241192871681,0.03899162548821733
00-0037120,1168918,0.049222,0.03050447470593644,0.04826387541329853,0.03096191216857919
00-0039032,1169430,0.021662,0.03575653057974741,0.01957660872076736,0.03619110876833396
00-0038393,1172428,0.05583200000000001,0.033215587431908875,0.055144239449497055,0.03366122493082517
00-0039880,1173255,0.034727,0.050851566973248816,0.03317599694057577,0.05122044487568113
00-0040067,1173480,,0.03335416120072832,,0.0337991955652084
00-0039067,1173538,0.05527579999999999,0.04342666165137099,0.05456528960427259,0.04382785603132604
00-0036875,1174682,0.036215000000000004,0.03626235824183878,0.03472485952542651,0.036694734844335844
00-0039359,1175182,0.049085,0.033671128074699824,0.048121271801655686,0.03411478285891401
00-0037240,1175184,0.061445,0.04327913750003373,0.060986823917754576,0.04368097397045513
00-0038621,1175693,0.038876,0.031697784258560804,0.03749470047857693,0.032150027909341544
00-0037228,1176443,0.027321,0.023350801845603685,0.02546707469366409,0.02383937526192853
00-0038090,1176730,0.036442,0.03325080643181477,0.03496114434179823,0.0336962906420399
00-0039064,1177053,0.045885,0.048102088603571035,0.04479038452240679,0.048482933454008885
00-0039342,1180321,0.051512,0.03290304174400005,0.05064754162251103,0.03335003958022171
00-0039299,1180625,0.047078,0.04188948401668591,0.04603218093620177,0.04229736887474488
00-0038996,1181874,0.086503,0.033277903218938906,0.087069753118823,0.03372326949194139
00-0040242,1191186,0.04812,0.044156686579912584,0.0471168011065072,0.04455470356794524
00-0023570,1213255,0.045496999999999996,0.033624011431678084,0.04438651443979785,0.034067871288397465
00-0041239,1213478,0.045644000000000004,0.030973812267225054,0.04453952707418836,0.031429206964863746
00-0038618,1213636,0.051712999999999995,0.03189213822874332,0.050856762979738845,0.032343535964938414
00-0039855,1213726,0.06890399999999999,0.032825490453168626,0.06875091398522881,0.03327282582696664
00-0041125,1213794,0.046303000000000004,0.030916249553979803,0.045225481673258676,0.03137189479004937
00-0038976,1213799,0.048448,0.040388719921834536,0.0474582170526302,0.04080313677013927
00-0038544,1213865,0.072835,0.03308586581556862,0.07284270082733113,0.033532067920431646
00-0038551,1213867,0.047186,0.03270044586266308,0.046144598381876414,0.03314832548591927
00-0040937,1213870,0.047297,0.02874029680976581,0.04626013853437536,0.029205412756221637
00-0040009,1213872,0.049426,0.0320054247312947,0.048476219477350646,0.03245632939443975
00-0038543,1214087,0.05672,0.032732347265689986,0.05606856066948862,0.033180088039906463
00-0039139,1214154,0.040709,0.054023063750181045,0.039402674348221686,0.05437813789352661
00-0038994,1214250,0.065011,0.059093110188863214,0.06469868142956757,0.059426117243852494
00-0040727,1214633,0.040025000000000005,0.03330176606608233,0.03869069719228224,0.03374702847740175
00-0040164,1214689,0.060473000000000006,0.033074662155222236,0.05997506690668272,0.03352091302337881
00-0039391,1214824,0.050368,0.01899053777064868,0.04945674942017955,0.019498088988017838
00-0040237,1214837,0.064388,0.031059846682419675,0.0640501993123888,0.03151486692016638
00-0038555,1215035,0.049483,0.034384708861846414,0.048535550907012275,0.03482525782632705
00-0038997,1215077,0.056372000000000005,0.033068873224760334,0.05570632667787031,0.03351514928890703
00-0040705,1215102,0.046032000000000003,0.02400390231708551,0.044943397156797286,0.02448963315080603
00-0039920,1215291,0.050517,0.028031340430096013,0.04961184385911957,0.028499542068815244
00-0041312,1215306,0.044579,0.03169644886864761,0.04343096615156333,0.03214869833163689
00-0041052,1215772,0.041568,0.026633345418921255,0.040296809402245067,0.02710763175130283
00-0040964,1216769,0.046584999999999994,0.03329384086628608,0.04551901611474248,0.03373913777158623
00-0040582,1218653,0.052346,0.0324578608704629,0.05151565411966527,0.03290679633108104
00-0038454,1222789,0.048316,0.029100982397701584,0.047320817952361184,0.029564528480679027
00-0041399,1226616,0.057109,0.04060715147683831,0.05647347165437231,0.04102061761424081
00-0040131,1227157,0.053097,0.03336326454232425,0.052297371728014,0.033808259285028515
00-0038542,1228244,0.042519,0.03235583718715302,0.04128670746554685,0.03280521670004193
00-0041216,1228631,0.048062,0.03449590473967738,0.04705642877457081,0.034935969730432996
00-0038951,1228633,0.050232,0.05335726963978879,0.04931518671081147,0.053715241614079055
00-0040208,1228730,0.047779,0.03274196979722914,0.04676185343081223,0.03318966868992515
00-0038606,1229074,0.05523,0.02805419097723218,0.054517616280088346,0.02852229316024647
00-0039796,1229133,0.051831,0.03125302168816606,0.05097958944816116,0.03170720114270267
00-0037256,1229343,0.038079,0.025598875180342814,0.036665101365588995,0.026077663985518813
00-0039793,1229503,0.063315,0.0441115576176657,0.06293331117156566,0.044509771026936186
00-0039738,1229540,0.04707,0.030786089662207434,0.046023853718003646,0.031242301411792593
00-0040205,1229673,,0.03322999298596812,,0.03367556778553085
00-0040879,1229693,0.051311,0.04145532485928992,0.05043832026528321,0.04186509937035362
00-0041087,1229756,0.048887,0.046878625468879165,0.04791517315125216,0.04726479537292755
00-0041106,1231144,0.048958,0.034072314966826625,0.0479890772127605,0.034514223607942714
00-0040583,1231652,0.056305,0.021788086917378838,0.05563658622546103,0.022283461961423248
00-0039040,1231820,0.048938,0.034742798828024106,0.047968259167265194,0.035181789226322216
00-0041199,1234088,0.052231,0.03950928938275625,0.051395950358067266,0.03992753390239374
00-0039921,1248031,0.048246,0.01771690467373324,0.047247954793127614,0.018229999306616052
00-0040236,1250886,0.046086999999999996,0.0311447980278316,0.04500064678190937,0.031599448519685866
00-0039798,1271609,0.048924,0.036631919037542905,0.04795368653541848,0.037062687147725266
00-0038794,1271738,0.043095999999999995,0.02540273705396989,0.04188730807808641,0.025882379539169744
00-0041217,1277947,0.046655999999999996,0.030696531855701873,0.045592920176250815,0.031153133400539018
00-0040715,1280316,0.034398,0.042988354914135524,0.03283354009217799,0.043391456999200315
00-0040466,1285895,0.047416,0.016717591908817962,0.04638400590507243,0.0172350359935935
00-0039890,1285908,0.041386,0.04409253113588957,0.040107365188237785,0.04449082735683831
00-0039338,1285917,0.053002999999999995,0.03284272720102168,0.052199526914186056,0.03328998755285639
00-0041179,1286048,0.050987000000000005,0.035377648185204905,0.05010106792825926,0.03581387543783418
00-0040556,1286050,0.047847,0.03243025395529181,0.04683263478549627,0.03287930957343586
00-0039893,1286064,0.049566,0.04864695046670354,0.048621945795817786,0.0490254238369151
00-0041483,1286065,0.050631,0.04721579902810759,0.04973050671844282,0.04760050140344339
00-0039868,1286176,0.05774,0.03283859602697553,0.057130280989749205,0.033285874359509984
00-0040737,1286179,0.053555,0.03855171691375929,0.052774104969856496,0.03897412921302886
00-0040138,1286370,0.061318,0.031887963215201015,0.06085462932885938,0.03233937912290476
00-0039874,1286513,0.049738,0.022628912413587873,0.048800980987077414,0.023120627812549845
00-0041467,1286652,0.044434,0.03659786189267072,0.043280035321722365,0.037028778234636385
00-0041244,1286690,0.045838000000000004,0.03137786825453202,0.04474146211549282,0.03183150432149925
00-0041035,1286818,0.057973,0.03335133203478178,0.05737281121976951,0.0337963787130455
00-0039746,1287636,0.047481,0.025672322530951718,0.04645166455293218,0.02615079166071744
00-0040021,1287641,0.047219,0.04769139924087476,0.04617894815694367,0.04807403159337264
00-0041132,1287798,0.048493,0.0354177582266375,0.047505057654994645,0.035853810902595935
00-0040129,1287825,0.052113,0.03329047768059275,0.051273123889644966,0.033735789223967076
00-0040734,1287837,0.030336999999999996,0.04675468566451708,0.028606435954356177,0.04714139500950487
00-0039361,1287923,0.034939,0.025793731834208102,0.033396668222826005,0.026271672536896353
00-0040955,1288387,0.048784999999999995,0.04266867721778282,0.0478090011192261,0.04307317068181352
WAS569019,1289428,0.045603,0.029848445408681753,0.044496850080922974,0.030308738201476188
00-0040187,1289471,0.051777,0.03472197499003691,0.050923380725323826,0.03516105602290382
00-0041579,1290014,0.049766000000000005,0.05072550711525919,0.04883012625077085,0.05109493368604357
00-0040673,1290102,,0.03299942080630491,,0.03344599915814723
00-0040202,1293066,0.047757,0.03445982045645576,0.0467389535807674,0.034900042501998886
00-0040179,1303569,0.05081,0.01954282229867374,0.0499168282256258,0.020047969729090426
00-0040078,1313668,0.030616,0.01745313670883468,0.028896847689015695,0.017967379376761617
00-0040998,1317230,0.058506,0.02736861475727689,0.05792761213221941,0.027839700871741056
00-0041042,1319589,0.051286,0.0339133012148047,0.05041229770841407,0.034355901954219725
00-0040887,1319948,0.054430000000000006,0.039492854667935576,0.05368489446027613,0.03991117071873326
00-0039373,1321291,0.047527,0.02700635511185718,0.04649954605757138,0.02747901794079528
00-0041524,1322367,0.047856,0.04526560983354959,0.04684200290596916,0.0456588002962803
00-0040218,1322393,0.049031,0.03202377483296884,0.04806506307881836,0.03247459962834149
00-0040259,1323007,0.050343,0.03356278126536012,0.04943072686331041,0.03400690762289099
00-0040939,1323708,0.053649999999999996,0.04565124432129663,0.0528729906859592,0.046042756331883504
00-0040948,1323916,0.051531,0.03345522445514773,0.05066731876573157,0.03389981894756908
00-0041067,1325016,0.049086,0.03300576407350681,0.048122312703930456,0.03345231481663991
00-0039794,1325231,0.048276,0.03403945976745361,0.047279181861370576,0.034481511408953676
00-0041443,1325234,0.057812,0.03470855726541453,0.05720522595353231,0.035147696698163644
00-0041100,1325475,0.05058,0.034992444926319616,0.04967742070242979,0.035430348754193666
00-0041081,1325562,0.045455,0.030790223326411657,0.04434279654425772,0.031246417084458803
00-0041004,1325800,0.053557,0.045252898702981194,0.052776186774406035,0.045646144490183733
00-0041094,1326555,0.055367,0.050521680971561636,0.05466021989173119,0.0508919946840274
00-0039894,1326638,0.048404,0.052314401737880906,0.04741241735254054,0.052676912735316946
00-0040719,1327169,0.049368,0.03975895893752222,0.04841584714541427,0.04017611678464269
00-0040735,1377732,0.048823000000000005,0.03267127471351805,0.04784855540566719,0.033119281302539424
00-0040959,1377757,0.047377,0.029681118238544767,0.046343410716356594,0.03014213931331699
00-0040198,1377766,0.049996,0.04111989256250989,0.04906953377396686,0.04153112702354054
00-0041558,1378156,0.046586,0.05433215366635,0.04552005701701725,0.054685882513439865
00-0040888,1378284,0.051788,0.03260935021412807,0.05093483065034625,0.03305762632600609
00-0041040,1378290,0.048824000000000006,0.040013656714559226,0.04784959630794196,0.04042970600411164
00-0041293,1378660,0.050815,0.03529574146290663,0.049922032736999626,0.03573232520987965
00-0040126,1378821,0.06305799999999999,0.03814963678394487,0.06266579928695097,0.038573799114078704
00-0040238,1378840,0.050092,0.0226269614340332,0.04916946039234433,0.02311868532452256
00-0040586,1378898,0.048427,0.03536322797387471,0.04743635810486013,0.03579951798965248
00-0041491,1378905,0.047642000000000004,0.03600173055853305,0.046619249819169394,0.03643524152817747
00-0041446,1378910,0.050565,0.033770076797258845,0.04966180716830831,0.03421330091279379
00-0041129,1378911,0.046237,0.032321771633502194,0.04515678212312417,0.03277129941477314
00-0041013,1379251,0.049011,0.031335752413983835,0.04804424503332306,0.031789571787748314
00-0041096,1379259,0.04771,0.029876443100216383,0.04669003117385343,0.030336614034653042
00-0040886,1379264,0.047942,0.02867113929324534,0.04693152050159897,0.02913655624385291
00-0040667,1379267,0.04645,0.03206716230826798,0.04537849430764917,0.03251779826212555
00-0040934,1379331,0.047065,0.03398616128513804,0.046018649206629826,0.034428444905246734
00-0040122,1379646,0.043220999999999996,0.026848646358953766,0.04201742086243207,0.027321995606256467
00-0041037,1379904,0.044354,0.03760411866719942,0.043196763139741134,0.038030655333866015
00-0041084,1380368,0.057333,0.048285625451259404,0.05670663376391974,0.04866567146802116
00-0040927,1380572,0.049604,0.04704483065824361,0.04866150008225888,0.04743027716367162
00-0041496,1380594,0.042639800000000005,0.028026687807309943,0.0414124484603385,0.028494909696304856
00-0041489,1380613,0.051590000000000004,0.033417843658880286,0.050728731999942725,0.033862600849088334
00-0041041,1381105,0.04858,0.0428688813949654,0.04759561615289922,0.04327250348171768
00-0039364,1381164,,0.03266910152418066,,0.03311711757188485
00-0040901,1381307,0.050445,0.04127552031994424,0.04953689889533647,0.041686077420024545
00-0041415,1381444,0.058872999999999995,0.029537070766921324,0.05830962326705826,0.02999871880010946
00-0040142,1381902,0.047748,0.029913436800645624,0.04672958546029451,0.03037344672210817
00-0040890,1382670,0.048919,0.03538544083625662,0.04794848202404465,0.035821634171816025
00-0041512,1383791,0.042074,0.030790143308881888,0.040823505953276294,0.031246337415200776
00-0040784,1383807,0.0214266,0.032134082551399164,0.019331580325287614,0.03258442723871
00-0041131,1384626,0.051616999999999996,0.04262291898879648,0.05075683636136138,0.04302761161291265
00-0041525,1389700,0.047667,0.032703637325094695,0.04664527237603852,0.03315150305769242
00-0041104,1390910,0.046764999999999994,0.029306866047868214,0.04570637852420023,0.029769516033984554
00-0040876,1392584,0.052488,0.03626403289065152,0.051663462242681944,0.036696402204335
00-0039410,1393832,0.055575,0.032679985355638076,0.05487672756488237,0.033127954032085745
00-0041029,1394692,0.051448,0.03434664787748273,0.05058092387692605,0.03478736250023002
00-0040663,1394752,0.05667200000000001,0.045102181690794156,0.05601859736029989,0.045496083465208045
00-0041523,1394798,0.049025,0.03443155243549965,0.04805881766516977,0.03487189751599396
00-0040644,1394803,0.047364,0.018995071916819754,0.046329878986784645,0.01950260339957595
00-0041511,1394825,0.051303,0.033659602206548164,0.050429993047085085,0.034103307156447014
00-0041326,1395681,0.046844000000000004,0.027587438549887683,0.0457886098039067,0.028057572246257774
00-0041099,1395843,0.049775,0.03247332306578427,0.048839494371243734,0.032922191228077935
00-0041490,1395874,0.047824,0.03423037231188948,0.04680869403317667,0.03467159301741345
00-0041342,1396942,0.050921,0.03388115111656068,0.05003236837812475,0.03432389178744718
00-0041051,1398153,0.050287000000000005,0.03424532118639348,0.049372436335923565,0.03468647682779259
00-0040782,1398503,0.062989,0.03260271997977518,0.06259397702999217,0.03305102494937059
00-0040895,1398511,0.050117,0.03404415481468584,0.049195482949213463,0.03448618602126024
00-0041152,1398544,0.048024,0.036177741611773354,0.047016874488129724,0.03661048650333338
00-0040666,1398572,0.030099,0.03219283054704956,0.028358701212962044,0.03264291953705536
00-0041550,1399132,0.052891,0.033428496068651864,0.05208294585941235,0.0338732068948531
00-0041529,1399272,0.042209,0.036140696476046626,0.040964027760369615,0.036573602604449966
00-0040718,1399275,0.04657499999999999,0.03873830234272963,0.04550860709199482,0.039159902539546716
00-0040162,1399910,0.040017,0.01643518641381658,0.038682369974084106,0.016953859652424505
00-0040912,1400513,0.049295,0.03474141264132431,0.0483398612793564,0.03518040907292108
00-0040945,1400558,0.053823,0.044231306111146236,0.0530530667794936,0.04462899832191921
00-0041047,1400788,0.049138999999999995,0.03456861723666829,0.04817748052449301,0.03500836575042214
00-0041116,1400852,0.048454,0.050067693048321954,0.04746446246627879,0.05043998271736642
00-0021547,1400924,0.049199,0.034908936571803925,0.04823993466097893,0.035347203865034725
00-0041185,1401629,0.051434,0.03378968827674993,0.05056635124507934,0.03423282703443737
00-0041510,1401683,0.047966,0.05097283802728746,0.04695650215619334,0.05134118810436415
00-0041248,1402692,0.056280000000000004,0.03945834176145696,0.0556105636685919,0.03987680802771439
00-0041395,1403969,0.047022,0.039869248981230364,0.045973890408814916,0.04028592679721724
00-0041472,1405857,0.051667000000000005,0.04563230036970977,0.050808881475099654,0.04602389483276696
00-0041077,1405928,0.051354,0.04677825384208717,0.05048307906309811,0.04716486060792443
00-0041069,1406878,0.048678,0.03430763018359001,0.04769762457582622,0.03474851462862768
00-0039589,1412326,0.054301,0.03313292180543937,0.0535506180668314,0.03357891910178659
00-0041044,1441110,0.042887,0.03467235941358748,0.041669759502660476,0.035111656395424996
00-0040867,1441120,0.047334999999999995,0.03940603510294495,0.04629969282081644,0.03982472903095439
00-0040894,1441191,0.0505896,0.03328806116180845,0.04968741336426753,0.03373338322294315
00-0041547,1441576,0.051827000000000005,0.0359254555324873,0.050975425839062095,0.036359298484838286
00-0041438,1441839,0.042185,0.03506262213910817,0.04093904610577524,0.03550022052466055
00-0041178,1443998,0.045101999999999996,0.03172176005160322,0.043975358041265566,0.0321738993491103
00-0041032,1444547,0.047222999999999994,0.048097393676116824,0.04618311176604273,0.04847825896095902
00-0041257,1446502,0.047061,0.036968106608626795,0.046014485597530755,0.03739741148155381
00-0038797,1447759,0.048687,0.031273201231218135,0.047706992696299105,0.03172729285544296
00-0041027,1451501,0.041978,0.0316836396249742,0.040723579334898834,0.032135944839467
00-0037692,1454349,,0.0343689430088076,,0.03480956059326563
00-0040870,1458888,0.04744,0.03891432748938516,0.046408987559666805,0.03933516154677707
00-0041048,1521285,0.048914000000000006,0.038326640035229675,0.047943277512670836,0.03875003196879363
00-0030061,503177,0.052458000000000005,,0.05163223517443899,
00-0030279,557210,0.047391,,0.046357983348203305,
00-0030564,560241,0.0570243,,0.0563853072316997,
00-0031484,563293,0.049986,,0.049059124751219214,
00-0031408,593587,0.07387300000000001,,0.07392315738853751,
00-0033110,604176,0.053989,,0.053225856557104635,
00-0032211,605242,0.054097000000000006,,0.05333827400277929,
00-0031236,607864,0.058075999999999996,,0.05748002415407034,
00-0031381,611417,0.07154100000000001,,0.07149577328378487,
00-0033757,660151,0.05333399999999999,,0.05254406556713337,
00-0033439,689689,0.048275,,0.04727814095909581,
00-0031588,694041,0.04729800000000001,,0.04626117943665014,
00-0033576,694931,0.052143,,0.05130435095788793,
00-0033217,712506,0.051702,,0.05084531305471643,
00-0030035,733643,0.056659100000000004,,0.056005169720955414,
00-0032392,739424,0.050308,,0.04939429528369363,
00-0033246,740704,0.049295,,0.0483398612793564,
00-0034272,742382,0.046795,,0.0457376055924432,
00-0033090,744425,0.061022,,0.06054652225552887,
00-0033891,746491,0.039252,,0.037886079733888675,
00-0034798,749968,0.040683000000000004,,0.039375610889077796,
00-0033307,754412,0.045138,,0.04401283052315712,
00-0034351,791365,0.07574,,0.07586652193552429,
00-0033282,821389,0.046830000000000004,,0.04577403717205998,
00-0033943,822367,0.04974200000000001,,0.04880514459617649,
00-0033040,823156,0.068387,,0.06821276750917517,
00-0034383,830523,0.0454342,,0.0443211457769426,
00-0033885,832098,0.058195,,0.05760389152476741,
00-0034386,832220,0.056323,,0.0556553224664068,
00-0033921,835127,0.040142,,0.038812482758429766,
00-0034487,835861,0.050813000000000004,,0.0499199509324501,
00-0033857,835909,0.043197000000000006,,0.04199243920783772,
00-0033591,836103,0.037498000000000004,,0.03606033714395037,
00-0035659,836116,0.052577,,0.05175610254513605,
00-0034829,836152,0.040648000000000004,,0.03933917930946101,
00-0035544,837087,0.049731,,0.04879369467115406,
00-0034159,837806,0.044004,,0.04283244734357329,
00-0034860,837820,0.054851,,0.0541231143179523,
00-0034521,837958,0.045895,,0.04480079354515444,
00-0033375,838179,0.065063,,0.06475280834785536,
00-0034348,838878,0.051462,,0.050595496508772764,
00-0034983,841649,0.043402,,0.042205824174164595,
00-0034981,865573,0.071746,,0.07170915825011175,
00-0034775,865801,0.043461,,0.04226723740837574,
00-0036332,866149,0.050648,,0.049748202057113826,
00-0035298,866578,0.046876,,0.045821918676699186,
00-0035359,866973,0.056156,,0.055481491786520995,
00-0036259,867009,0.07178100000000001,,0.07174558982972855,
00-0036422,875444,0.067917,,0.06772354344003549,
00-0034928,877596,0.047434399999999995,,0.04640315850692811,
00-0036133,877913,0.049495,,0.048548041734309454,
00-0035535,880557,0.032546000000000005,,0.030905789079312698,
00-0035249,881779,0.050841,,0.04994909619614352,
00-0037132,882718,0.0517,,0.050843231250166904,
00-0036182,883259,0.07267000000000001,,0.07267095195199488,
00-0034837,884013,0.054176999999999996,,0.0534215461847605,
00-0036415,884080,0.034605,,0.033049006863054405,
00-0035689,884083,0.064661,,0.06433436563339973,
00-0036040,884609,0.050412,,0.04950254912026922,
00-0036427,911236,0.053707,,0.05293232211562082,
00-0036252,911348,0.044931,,0.04379736375228071,
00-0036741,911985,0.049035,,0.04806922668791743,
00-0036309,912027,0.034671,,0.03311770641318892,
00-0034418,912061,0.054114999999999996,,0.05335701024372506,
00-0036232,916467,0.052424,,0.051596844497096964,
00-0036331,920756,0.045443000000000004,,0.04433030571696054,
00-0035406,920758,0.057964299999999996,,0.05736375536997906,
00-0036862,920944,0.05106,,0.050177053794317125,
00-0036876,921050,0.039548,,0.03819418680721919,
00-0035140,922026,0.049027,,0.0480608994697193,
00-0036429,922040,0.047607,,0.0465828182395526,
00-0035644,923911,0.057886999999999994,,0.0572832936241397,
00-0036620,926280,0.050205,,0.0492870823493928,
00-0034365,943093,0.046669,,0.04560645190582277,
00-0036628,944038,0.049487,,0.04853971451611134,
00-0035676,944826,0.06719900000000001,,0.06697617560675402,
00-0036887,946541,0.049639,,0.04869793166187566,
00-0038679,973949,0.049295,,0.0483398612793564,
00-0036165,975387,0.054993099999999996,,0.05427102653119645,
00-0037755,975503,0.054131000000000006,,0.05337366468012131,
00-0035662,976220,0.056815,,0.05616744638559132,
00-0037086,976221,0.049940000000000005,,0.04901124324658001,
00-0036196,976761,0.054584,,0.05384519341058998,
00-0036754,978120,0.051044,,0.050160399357920875,
00-0036410,978579,0.08729700000000001,,0.08789622952498666,
00-0038129,1049263,0.037868,,0.03644547098561352,
00-0036567,1050833,0.047682,,0.04666088591016,
00-0037475,1056865,0.049417,,0.04846685135687777,
00-0036637,1056981,0.048183,,0.0471823779498174,
00-0035891,1057484,0.048419,,0.04742803088666201,
00-0038046,1058648,0.049591,,0.04864796835268693,
00-0036988,1059612,0.033138,,0.03152200322597374,
00-0036590,1059680,0.054049,,0.05328831069359055,
00-0036912,1060262,0.052875,,0.05206629142301611,
00-0037654,1060299,0.0493,,0.048345065790730224,
00-0036244,1060312,0.067317,,0.06709900207517631,
00-0036630,1062546,0.052117,,0.05127728749874402,
00-0037837,1062765,0.05914,,0.0585875441744206,
00-0037666,1066424,0.053562,,0.052781391285779855,
00-0038576,1067132,0.050469,,0.04956188054993084,
00-0037112,1068872,0.060566,,0.060071870818235895,
00-0037809,1106374,0.038326,,0.03692220422745602,
00-0036849,1106760,0.036566,,0.035090216223869125,
00-0037664,1107027,0.06447,,0.06413555329891955,
00-0038589,1107037,0.048565,,0.04758000261877774,
00-0039754,1107536,0.056236,,0.055564763968502226,
00-0037744,1108161,0.043974,,0.04280122027533033,
00-0039530,1108202,0.049838,,0.048905071214553945,
00-0036550,1108208,0.056516000000000004,,0.05585621660543651,
00-0038710,1109731,0.05001,,0.04908410640581357,
00-0038104,1110301,0.071009,,0.07094201327360973,
00-0034613,1115394,0.044028,,0.042857428998167656,
00-0036894,1116662,0.060454,,0.05995528976346218,
00-0038752,1121050,0.050439,,0.04953065348168788,
00-0038394,1121873,0.047839,,0.04682430756729815,
00-0037741,1121878,0.055249,,0.05453739342330889,
00-0038115,1122035,0.049235,,0.04827740714287048,
00-0037539,1122323,0.050259,,0.04934329107223013,
00-0037805,1122596,0.049539,,0.048593841434399127,
00-0037816,1122653,0.051984,,0.05113884749620024,
00-0036970,1123026,0.044185999999999996,,0.04302189155758057,
00-0038559,1123529,0.052466,,0.051640562392637104,
00-0038720,1123630,0.050094,,0.04917154219689386,
00-0038979,1124664,0.043187,,0.04198203018509006,
00-0037838,1125111,0.04799200000000001,,0.046983565615337244,
00-0038647,1130213,0.053023,,0.05222034495968137,
00-0038547,1130242,0.048642,,0.04766015209393467,
00-0039050,1130260,0.051171,,0.05029259394681607,
00-0037231,1130526,0.048919,,0.04794848202404465,
00-0037005,1130555,0.055602,,0.05490483192630103,
00-0038783,1132517,0.049572,,0.04862819120946638,
00-0038933,1135513,0.057551,,0.056933550459818565,
00-0038359,1137635,0.049842,,0.048909234823653,
00-0039816,1161661,0.048726,,0.04774758788501495,
00-0039074,1161664,0.054692,,0.053957610856264625,
00-0039041,1161853,0.047747000000000005,,0.046728544558019745,
00-0040311,1162602,0.050191,,0.04927250971754609,
00-0039424,1164788,0.050389,,0.04947860836794962,
00-0039355,1164846,0.050314,,0.04940054069734222,
00-0037740,1164889,0.053597,,0.052817822865396644,
00-0038935,1164940,0.046713000000000005,,0.04565225160591244,
00-0039065,1168926,0.066774,,0.06653379213997876,
00-0037742,1172024,0.044346,,0.04318843592154301,
00-0037247,1172053,0.053315,,0.05252428842391284,
00-0039062,1176782,0.034476999999999994,,0.03291577137188444,
00-0039379,1178628,0.048944,,0.047974504580913784,
00-0037238,1178741,0.055317000000000005,,0.054608174777992936,
00-0039144,1179790,0.034435999999999994,,0.032873094378619065,
00-0039521,1180538,0.05235,,0.051519817728764336,
00-0040194,1182649,0.052148,,0.05130955546926175,
00-0038608,1213362,0.06399,,0.06363592020703222,
00-0039919,1213727,0.060841,,0.06035811894379635,
00-0040522,1214183,0.050727,,0.04983043333682029,
00-0040184,1214405,0.05205,,0.05120754704633475,
00-0039847,1214414,0.049805,,0.048870721439486696,
00-0040563,1216288,0.052964,,0.05215893172547022,
00-0039915,1218643,0.054539,,0.053798352808225536,
00-0038558,1218658,0.047523,,0.046495382448472324,
00-0039491,1218753,0.054154999999999995,,0.053398646334715666,
00-0040172,1222835,0.04809,,0.04708557403826424,
00-0038640,1223301,0.049547,,0.04860216865259725,
00-0040024,1223318,0.051756,,0.05090152177755376,
00-0040648,1223393,0.053862,,0.053093661968209444,
00-0039912,1228920,0.05173,,0.05087445831840986,
00-0039737,1229489,0.047441,,0.04641002846194156,
00-0039739,1229669,0.050728,,0.04983147423909505,
00-0038492,1231079,0.05276,,0.0519465876614181,
00-0039066,1232592,0.033835,,0.03224751211148513,
00-0038938,1232892,0.046883,,0.04582920499262254,
00-0037292,1271740,0.052516,,0.051692607506375374,
00-0040130,1274492,0.064758,,0.06443533315405195,
00-0039792,1277914,0.063414,,0.06303636049676742,
00-0036534,1284247,0.055009,,0.054287576877365226,
00-0040729,1286046,0.049864,,0.04893213467369784,
00-0039337,1286059,0.04724,,0.04620080710471374,
00-0040581,1286164,0.04639,,0.04531604017116325,
00-0040584,1286438,0.059225999999999994,,0.05867706177005041,
00-0040739,1286840,0.050099,,0.04917674670826768,
00-0040154,1287587,0.047403,,0.046370474175500484,
00-0039849,1287828,0.052228,,0.05139282765124297,
00-0040590,1289332,0.049506,,0.04855949165933188,
00-0040134,1305866,0.036570000000000005,,0.03509437983296819,
00-0039901,1322431,0.063599,,0.063228927417599,
00-0040189,1325624,0.0574,,0.05677637421632901,
00-0039356,1326628,0.039055999999999993,,0.03768206288803467,
00-0040124,1380576,0.050046,,0.049121578887705124,
00-0040736,1381263,0.036168000000000006,,0.034675937118512544,
00-0037093,1384869,0.048313,,0.047317695245536896,
00-0040170,1395319,0.049525,,0.048579268802552415,
00-0040646,1403491,0.050943,,0.05005526822816959,
00-0040669,1441362,0.055548,,0.05484862320346371,
00-0040277,1465213,0.053904,,0.053137379863749584,
